Image,target
508.jpg,mohiniyattam
246.jpg,mohiniyattam
473.jpg,mohiniyattam
485.jpg,mohiniyattam
128.jpg,mohiniyattam
410.jpg,mohiniyattam
465.jpg,mohiniyattam
196.jpg,mohiniyattam
340.jpg,mohiniyattam
467.jpg,mohiniyattam
306.jpg,mohiniyattam
171.jpg,mohiniyattam
323.jpg,mohiniyattam
332.jpg,mohiniyattam
330.jpg,mohiniyattam
170.jpg,mohiniyattam
479.jpg,mohiniyattam
9.jpg,mohiniyattam
283.jpg,mohiniyattam
114.jpg,mohiniyattam
507.jpg,mohiniyattam
183.jpg,mohiniyattam
200.jpg,mohiniyattam
457.jpg,mohiniyattam
264.jpg,mohiniyattam
194.jpg,mohiniyattam
518.jpg,mohiniyattam
175.jpg,mohiniyattam
64.jpg,mohiniyattam
152.jpg,mohiniyattam
270.jpg,mohiniyattam
125.jpg,mohiniyattam
38.jpg,mohiniyattam
440.jpg,mohiniyattam
302.jpg,mohiniyattam
394.jpg,mohiniyattam
448.jpg,mohiniyattam
463.jpg,mohiniyattam
20.jpg,mohiniyattam
301.jpg,mohiniyattam
28.jpg,mohiniyattam
61.jpg,mohiniyattam
398.jpg,mohiniyattam
349.jpg,mohiniyattam
271.jpg,mohiniyattam
286.jpg,mohiniyattam
431.jpg,mohiniyattam
316.jpg,mohiniyattam
224.jpg,mohiniyattam
411.jpg,mohiniyattam
278.jpg,mohiniyattam
456.jpg,mohiniyattam
45.jpg,mohiniyattam
324.jpg,mohiniyattam
6.jpg,kathakali
59.jpg,mohiniyattam
86.jpg,mohiniyattam
470.jpg,mohiniyattam
374.jpg,mohiniyattam
132.jpg,mohiniyattam
216.jpg,mohiniyattam
95.jpg,mohiniyattam
17.jpg,mohiniyattam
162.jpg,mohiniyattam
346.jpg,mohiniyattam
439.jpg,mohiniyattam
232.jpg,mohiniyattam
150.jpg,mohiniyattam
401.jpg,mohiniyattam
145.jpg,mohiniyattam
23.jpg,mohiniyattam
514.jpg,mohiniyattam
193.jpg,mohiniyattam
416.jpg,mohiniyattam
447.jpg,mohiniyattam
220.jpg,mohiniyattam
505.jpg,mohiniyattam
147.jpg,mohiniyattam
210.jpg,mohiniyattam
40.jpg,mohiniyattam
284.jpg,mohiniyattam
55.jpg,mohiniyattam
378.jpg,mohiniyattam
520.jpg,mohiniyattam
484.jpg,mohiniyattam
112.jpg,mohiniyattam
360.jpg,mohiniyattam
317.jpg,mohiniyattam
71.jpg,mohiniyattam
202.jpg,mohiniyattam
92.jpg,mohiniyattam
11.jpg,mohiniyattam
67.jpg,mohiniyattam
138.jpg,mohiniyattam
506.jpg,mohiniyattam
146.jpg,mohiniyattam
318.jpg,mohiniyattam
198.jpg,mohiniyattam
375.jpg,mohiniyattam
41.jpg,mohiniyattam
421.jpg,mohiniyattam
129.jpg,mohiniyattam
14.jpg,mohiniyattam
460.jpg,mohiniyattam
34.jpg,mohiniyattam
380.jpg,mohiniyattam
238.jpg,mohiniyattam
392.jpg,mohiniyattam
80.jpg,mohiniyattam
517.jpg,mohiniyattam
13.jpg,mohiniyattam
189.jpg,mohiniyattam
390.jpg,mohiniyattam
487.jpg,mohiniyattam
438.jpg,mohiniyattam
482.jpg,mohiniyattam
206.jpg,mohiniyattam
217.jpg,mohiniyattam
285.jpg,mohiniyattam
385.jpg,mohiniyattam
495.jpg,mohiniyattam
269.jpg,mohiniyattam
429.jpg,mohiniyattam
291.jpg,mohiniyattam
461.jpg,mohiniyattam
256.jpg,mohiniyattam
48.jpg,mohiniyattam
290.jpg,mohiniyattam
437.jpg,mohiniyattam
498.jpg,mohiniyattam
173.jpg,mohiniyattam
280.jpg,mohiniyattam
119.jpg,mohiniyattam
363.jpg,mohiniyattam
97.jpg,kathakali
414.jpg,mohiniyattam
386.jpg,mohiniyattam
424.jpg,mohiniyattam
157.jpg,mohiniyattam
33.jpg,mohiniyattam
354.jpg,mohiniyattam
57.jpg,mohiniyattam
108.jpg,mohiniyattam
239.jpg,mohiniyattam
441.jpg,mohiniyattam
215.jpg,mohiniyattam
373.jpg,mohiniyattam
292.jpg,mohiniyattam
110.jpg,mohiniyattam
510.jpg,mohiniyattam
275.jpg,mohiniyattam
366.jpg,mohiniyattam
226.jpg,mohiniyattam
35.jpg,mohiniyattam
458.jpg,mohiniyattam
358.jpg,mohiniyattam
